{
    "batch_size": 32,
    "results": [
        {
            "test/accuracy_mean": 0.7540460824966431,
            "test/accuracy_ci_lower": 0.746995210647583,
            "test/accuracy_ci_upper": 0.760753870010376,
            "test/precision_mean": 0.7420328259468079,
            "test/precision_ci_lower": 0.7340322732925415,
            "test/precision_ci_upper": 0.7494513988494873,
            "test/recall_mean": 0.9297139048576355,
            "test/recall_ci_lower": 0.9246158003807068,
            "test/recall_ci_upper": 0.9346446990966797,
            "test/f1_mean": 0.8253312706947327,
            "test/f1_ci_lower": 0.8195871710777283,
            "test/f1_ci_upper": 0.8305814862251282,
            "test/auroc_mean": 0.8179287314414978,
            "test/auroc_ci_lower": 0.8111749887466431,
            "test/auroc_ci_upper": 0.8247743844985962
        }
    ]
}