{
    "batch_size": 32,
    "results": [
        {
            "test/accuracy_mean": 0.9196121692657471,
            "test/accuracy_ci_lower": 0.8974359035491943,
            "test/accuracy_ci_upper": 0.9407051205635071,
            "test/precision_mean": 0.9122036695480347,
            "test/precision_ci_lower": 0.8872777223587036,
            "test/precision_ci_upper": 0.9393277168273926,
            "test/recall_mean": 0.9641050100326538,
            "test/recall_ci_lower": 0.9434337615966797,
            "test/recall_ci_upper": 0.9815837144851685,
            "test/f1_mean": 0.9373622536659241,
            "test/f1_ci_lower": 0.919313907623291,
            "test/f1_ci_upper": 0.95359867811203,
            "test/auroc_mean": 0.9705332517623901,
            "test/auroc_ci_lower": 0.9577141404151917,
            "test/auroc_ci_upper": 0.9820573925971985,
            "test/specificity_mean": 0.8455567359924316,
            "test/specificity_ci_lower": 0.8009248971939087,
            "test/specificity_ci_upper": 0.8918974995613098
        }
    ]
}