{
    "batch_size": 32,
    "results": [
        {
            "test/accuracy_mean": 0.7794280648231506,
            "test/accuracy_ci_lower": 0.7670272588729858,
            "test/accuracy_ci_upper": 0.7908703684806824,
            "test/precision_mean": 0.7435543537139893,
            "test/precision_ci_lower": 0.7302103042602539,
            "test/precision_ci_upper": 0.7575058937072754,
            "test/recall_mean": 0.9878476858139038,
            "test/recall_ci_lower": 0.9841042160987854,
            "test/recall_ci_upper": 0.991666853427887,
            "test/f1_mean": 0.8484484553337097,
            "test/f1_ci_lower": 0.8396011590957642,
            "test/f1_ci_upper": 0.8578822612762451,
            "test/auroc_mean": 0.8316203951835632,
            "test/auroc_ci_lower": 0.8198740482330322,
            "test/auroc_ci_upper": 0.8431957364082336
        }
    ]
}