{
    "batch_size": 32,
    "results": [
        {
            "test/accuracy_mean": 0.7560453414916992,
            "test/accuracy_ci_lower": 0.7483211159706116,
            "test/accuracy_ci_upper": 0.7632020711898804,
            "test/precision_mean": 0.7472701072692871,
            "test/precision_ci_lower": 0.7386794090270996,
            "test/precision_ci_upper": 0.7555677890777588,
            "test/recall_mean": 0.9212628602981567,
            "test/recall_ci_lower": 0.9150174260139465,
            "test/recall_ci_upper": 0.9267192482948303,
            "test/f1_mean": 0.8251867294311523,
            "test/f1_ci_lower": 0.8190548419952393,
            "test/f1_ci_upper": 0.8309450149536133,
            "test/auroc_mean": 0.8219303488731384,
            "test/auroc_ci_lower": 0.8142426013946533,
            "test/auroc_ci_upper": 0.8290401101112366
        }
    ]
}