{
    "batch_size": 32,
    "results": [
        {
            "test/accuracy_mean": 0.726314902305603,
            "test/accuracy_ci_lower": 0.7087239623069763,
            "test/accuracy_ci_upper": 0.7443910241127014,
            "test/precision_mean": 0.698194682598114,
            "test/precision_ci_lower": 0.678665816783905,
            "test/precision_ci_upper": 0.7173810005187988,
            "test/recall_mean": 0.9904344081878662,
            "test/recall_ci_lower": 0.9855156540870667,
            "test/recall_ci_upper": 0.9949656128883362,
            "test/f1_mean": 0.8189866542816162,
            "test/f1_ci_lower": 0.8049399852752686,
            "test/f1_ci_upper": 0.8325151205062866,
            "test/auroc_mean": 0.7737700939178467,
            "test/auroc_ci_lower": 0.7560834288597107,
            "test/auroc_ci_upper": 0.7924595475196838
        }
    ]
}