{
    "batch_size": 32,
    "results": [
        {
            "test/accuracy_mean": 0.752317488193512,
            "test/accuracy_ci_lower": 0.7444381713867188,
            "test/accuracy_ci_upper": 0.7604637742042542,
            "test/precision_mean": 0.743457555770874,
            "test/precision_ci_lower": 0.7343056201934814,
            "test/precision_ci_upper": 0.7527164816856384,
            "test/recall_mean": 0.9218331575393677,
            "test/recall_ci_lower": 0.9148808717727661,
            "test/recall_ci_upper": 0.9280090928077698,
            "test/f1_mean": 0.823081910610199,
            "test/f1_ci_lower": 0.8167114853858948,
            "test/f1_ci_upper": 0.8297227621078491,
            "test/auroc_mean": 0.8209288120269775,
            "test/auroc_ci_lower": 0.812639057636261,
            "test/auroc_ci_upper": 0.8287853002548218
        }
    ]
}