{
    "batch_size": 64,
    "results": [
        {
            "test/accuracy_mean": 0.874793291091919,
            "test/accuracy_ci_lower": 0.8509615659713745,
            "test/accuracy_ci_upper": 0.9006410241127014,
            "test/precision_mean": 0.8799406290054321,
            "test/precision_ci_lower": 0.8491473197937012,
            "test/precision_ci_upper": 0.909096360206604,
            "test/recall_mean": 0.9258588552474976,
            "test/recall_ci_lower": 0.8989318609237671,
            "test/recall_ci_upper": 0.9514128565788269,
            "test/f1_mean": 0.9022104740142822,
            "test/f1_ci_lower": 0.8818013072013855,
            "test/f1_ci_upper": 0.922892153263092,
            "test/auroc_mean": 0.9340029358863831,
            "test/auroc_ci_lower": 0.914026141166687,
            "test/auroc_ci_upper": 0.9517029523849487,
            "test/specificity_mean": 0.7898384928703308,
            "test/specificity_ci_lower": 0.7363588213920593,
            "test/specificity_ci_upper": 0.838565468788147
        }
    ]
}