{
    "batch_size": 32,
    "results": [
        {
            "test/accuracy_mean": 0.7393502593040466,
            "test/accuracy_ci_lower": 0.7301940321922302,
            "test/accuracy_ci_upper": 0.7486292123794556,
            "test/precision_mean": 0.735991358757019,
            "test/precision_ci_lower": 0.7256292700767517,
            "test/precision_ci_upper": 0.7465503811836243,
            "test/recall_mean": 0.9091135859489441,
            "test/recall_ci_lower": 0.9016264081001282,
            "test/recall_ci_upper": 0.9165633320808411,
            "test/f1_mean": 0.8134310841560364,
            "test/f1_ci_lower": 0.8055622577667236,
            "test/f1_ci_upper": 0.8208750486373901,
            "test/auroc_mean": 0.8009676337242126,
            "test/auroc_ci_lower": 0.7922227382659912,
            "test/auroc_ci_upper": 0.810421884059906
        }
    ]
}