{
    "batch_size": 32,
    "results": [
        {
            "test/accuracy_mean": 0.7641725540161133,
            "test/accuracy_ci_lower": 0.7441239356994629,
            "test/accuracy_ci_upper": 0.7836538553237915,
            "test/precision_mean": 0.7284016013145447,
            "test/precision_ci_lower": 0.7052108645439148,
            "test/precision_ci_upper": 0.7509365677833557,
            "test/recall_mean": 0.993183970451355,
            "test/recall_ci_lower": 0.9880134463310242,
            "test/recall_ci_upper": 0.9974004030227661,
            "test/f1_mean": 0.8403780460357666,
            "test/f1_ci_lower": 0.825163722038269,
            "test/f1_ci_upper": 0.8550122380256653,
            "test/auroc_mean": 0.8465151786804199,
            "test/auroc_ci_lower": 0.8263129591941833,
            "test/auroc_ci_upper": 0.8653796315193176
        }
    ]
}