{
    "batch_size": 32,
    "results": [
        {
            "test/accuracy_mean": 0.7337227463722229,
            "test/accuracy_ci_lower": 0.7099359035491943,
            "test/accuracy_ci_upper": 0.7580328583717346,
            "test/precision_mean": 0.7029833793640137,
            "test/precision_ci_lower": 0.6767331957817078,
            "test/precision_ci_upper": 0.7301608920097351,
            "test/recall_mean": 0.994767963886261,
            "test/recall_ci_lower": 0.9897023439407349,
            "test/recall_ci_upper": 0.9987531900405884,
            "test/f1_mean": 0.8237264752388,
            "test/f1_ci_lower": 0.8050228953361511,
            "test/f1_ci_upper": 0.8418353199958801,
            "test/auroc_mean": 0.8595091104507446,
            "test/auroc_ci_lower": 0.8370682001113892,
            "test/auroc_ci_upper": 0.8800351023674011
        }
    ]
}