{
    "batch_size": 64,
    "results": [
        {
            "test/accuracy_mean": 0.9033557772636414,
            "test/accuracy_ci_lower": 0.879807710647583,
            "test/accuracy_ci_upper": 0.9246794581413269,
            "test/precision_mean": 0.8743512630462646,
            "test/precision_ci_lower": 0.8413931727409363,
            "test/precision_ci_upper": 0.9048699736595154,
            "test/recall_mean": 0.987135112285614,
            "test/recall_ci_lower": 0.9744865298271179,
            "test/recall_ci_upper": 0.997389018535614,
            "test/f1_mean": 0.9272429347038269,
            "test/f1_ci_lower": 0.9084249138832092,
            "test/f1_ci_upper": 0.9443172216415405,
            "test/auroc_mean": 0.9671868085861206,
            "test/auroc_ci_lower": 0.9553787112236023,
            "test/auroc_ci_upper": 0.9780197739601135,
            "test/specificity_mean": 0.764048159122467,
            "test/specificity_ci_lower": 0.7105233073234558,
            "test/specificity_ci_upper": 0.8117287158966064
        }
    ]
}