{
    "batch_size": 32,
    "results": [
        {
            "test/accuracy_mean": 0.8747195601463318,
            "test/accuracy_ci_lower": 0.8493589758872986,
            "test/accuracy_ci_upper": 0.9006410241127014,
            "test/precision_mean": 0.8801559209823608,
            "test/precision_ci_lower": 0.8491483926773071,
            "test/precision_ci_upper": 0.9097230434417725,
            "test/recall_mean": 0.9254356026649475,
            "test/recall_ci_lower": 0.8980087041854858,
            "test/recall_ci_upper": 0.9512863755226135,
            "test/f1_mean": 0.9021168351173401,
            "test/f1_ci_lower": 0.8801966905593872,
            "test/f1_ci_upper": 0.9238101243972778,
            "test/auroc_mean": 0.9344084858894348,
            "test/auroc_ci_lower": 0.914558470249176,
            "test/auroc_ci_upper": 0.9530177712440491,
            "test/specificity_mean": 0.7903072237968445,
            "test/specificity_ci_lower": 0.738095223903656,
            "test/specificity_ci_upper": 0.8391398787498474
        }
    ]
}