{
    "batch_size": 64,
    "results": [
        {
            "test/accuracy_mean": 0.9487451910972595,
            "test/accuracy_ci_lower": 0.9310897588729858,
            "test/accuracy_ci_upper": 0.9647436141967773,
            "test/precision_mean": 0.9362947344779968,
            "test/precision_ci_lower": 0.9118958115577698,
            "test/precision_ci_upper": 0.9586399793624878,
            "test/recall_mean": 0.984930694103241,
            "test/recall_ci_lower": 0.9703483581542969,
            "test/recall_ci_upper": 0.9951222538948059,
            "test/f1_mean": 0.9599514007568359,
            "test/f1_ci_lower": 0.9454020261764526,
            "test/f1_ci_upper": 0.9731051325798035,
            "test/auroc_mean": 0.9824313521385193,
            "test/auroc_ci_lower": 0.9712725281715393,
            "test/auroc_ci_upper": 0.9912854433059692,
            "test/specificity_mean": 0.8885692358016968,
            "test/specificity_ci_lower": 0.8479934334754944,
            "test/specificity_ci_upper": 0.9252028465270996
        }
    ]
}