{
    "batch_size": 32,
    "results": [
        {
            "test/accuracy_mean": 0.7573932409286499,
            "test/accuracy_ci_lower": 0.7465945482254028,
            "test/accuracy_ci_upper": 0.7688301205635071,
            "test/precision_mean": 0.7253797650337219,
            "test/precision_ci_lower": 0.7128735780715942,
            "test/precision_ci_upper": 0.7383800148963928,
            "test/recall_mean": 0.9846923351287842,
            "test/recall_ci_lower": 0.9802960753440857,
            "test/recall_ci_upper": 0.9889735579490662,
            "test/f1_mean": 0.8353572487831116,
            "test/f1_ci_lower": 0.8267924785614014,
            "test/f1_ci_upper": 0.8442110419273376,
            "test/auroc_mean": 0.8247446417808533,
            "test/auroc_ci_lower": 0.8121288418769836,
            "test/auroc_ci_upper": 0.8367379903793335
        }
    ]
}