{
    "batch_size": 32,
    "results": [
        {
            "test/accuracy_mean": 0.7934988141059875,
            "test/accuracy_ci_lower": 0.7780348658561707,
            "test/accuracy_ci_upper": 0.8080929517745972,
            "test/precision_mean": 0.7537207007408142,
            "test/precision_ci_lower": 0.735072910785675,
            "test/precision_ci_upper": 0.7710856199264526,
            "test/recall_mean": 0.9949263334274292,
            "test/recall_ci_lower": 0.9911893010139465,
            "test/recall_ci_upper": 0.9980952143669128,
            "test/f1_mean": 0.8576551079750061,
            "test/f1_ci_lower": 0.8453972339630127,
            "test/f1_ci_upper": 0.8689873814582825,
            "test/auroc_mean": 0.8732510805130005,
            "test/auroc_ci_lower": 0.8585380911827087,
            "test/auroc_ci_upper": 0.8883491158485413
        }
    ]
}