Model,CAM,GradCAM,RISE,Random
AlexNet,0.037785756052026075,0.04609901979284007,0.028123022513084708,0.024638452563800987
InceptionNet,0.0829302053117283,0.0829302053117283,0.024316410710994708,0.007263723106567865
ResNet,0.04554961031252831,0.05248436110515465,0.02682654859569358,0.014443498520043015
VGG,0.1538098883413639,0.12601652382584524,0.02574751636583692,0.007172164281671921
