Model,CAM,GradCAM,RISE,Random
AlexNet,0.019440458026506954,0.0933449882091799,0.010380861270013165,0.015228562950719424
InceptionNet,0.12375375892898398,0.12375486517255806,0.005297416514080349,7.037825728033637e-05
ResNet,0.051385862863650114,0.050480145475442315,0.0126766092317582,0.002566287048243516
VGG,0.182638204752856,0.1704806805450531,0.00916044071406108,0.025231401003741657
