Model,CAM,GradCAM,RISE,Random
AlexNet,0.01587250273008917,0.07403010012475739,0.0123994363050765,0.014728442487273181
InceptionNet,0.12136695167530058,0.12136695167530058,0.014714562023346306,0.0
ResNet,0.053742044652878344,0.06441635649599704,0.02078520493723256,0.0
VGG,0.21925746860750225,0.19429614007060905,0.013676137101833028,0.002440629599803002
