{
    "batch_size": 32,
    "results": [
        {
            "test/accuracy_mean": 0.6976805329322815,
            "test/accuracy_ci_lower": 0.675200343132019,
            "test/accuracy_ci_upper": 0.7179487347602844,
            "test/precision_mean": 0.6750543713569641,
            "test/precision_ci_lower": 0.6515411734580994,
            "test/precision_ci_upper": 0.6966036558151245,
            "test/recall_mean": 0.9965124726295471,
            "test/recall_ci_lower": 0.9930479526519775,
            "test/recall_ci_upper": 0.9991680383682251,
            "test/f1_mean": 0.8048209547996521,
            "test/f1_ci_lower": 0.7875964641571045,
            "test/f1_ci_upper": 0.8198314905166626,
            "test/auroc_mean": 0.7247593998908997,
            "test/auroc_ci_lower": 0.7031340003013611,
            "test/auroc_ci_upper": 0.7459204196929932
        }
    ]
}