{
    "batch_size": 32,
    "results": [
        {
            "test/accuracy_mean": 0.7661558985710144,
            "test/accuracy_ci_lower": 0.7569929957389832,
            "test/accuracy_ci_upper": 0.7763694524765015,
            "test/precision_mean": 0.7324371337890625,
            "test/precision_ci_lower": 0.7220427989959717,
            "test/precision_ci_upper": 0.7440183758735657,
            "test/recall_mean": 0.9860698580741882,
            "test/recall_ci_lower": 0.9823401570320129,
            "test/recall_ci_upper": 0.989542543888092,
            "test/f1_mean": 0.8405238389968872,
            "test/f1_ci_lower": 0.8333650231361389,
            "test/f1_ci_upper": 0.8481695652008057,
            "test/auroc_mean": 0.8362026214599609,
            "test/auroc_ci_lower": 0.8264449834823608,
            "test/auroc_ci_upper": 0.8457416892051697
        }
    ]
}