{
    "batch_size": 32,
    "results": [
        {
            "test/accuracy_mean": 0.7447659969329834,
            "test/accuracy_ci_lower": 0.7321428656578064,
            "test/accuracy_ci_upper": 0.7566391825675964,
            "test/precision_mean": 0.715457022190094,
            "test/precision_ci_lower": 0.7013289928436279,
            "test/precision_ci_upper": 0.7291117906570435,
            "test/recall_mean": 0.9825079441070557,
            "test/recall_ci_lower": 0.9777194857597351,
            "test/recall_ci_upper": 0.9874773621559143,
            "test/f1_mean": 0.8279609680175781,
            "test/f1_ci_lower": 0.8181796669960022,
            "test/f1_ci_upper": 0.8373526930809021,
            "test/auroc_mean": 0.8038933873176575,
            "test/auroc_ci_lower": 0.790167510509491,
            "test/auroc_ci_upper": 0.817123293876648
        }
    ]
}