{
    "batch_size": 32,
    "results": [
        {
            "test/accuracy_mean": 0.7761316895484924,
            "test/accuracy_ci_lower": 0.7633547186851501,
            "test/accuracy_ci_upper": 0.788728654384613,
            "test/precision_mean": 0.7403595447540283,
            "test/precision_ci_lower": 0.7252965569496155,
            "test/precision_ci_upper": 0.7553675174713135,
            "test/recall_mean": 0.988518476486206,
            "test/recall_ci_lower": 0.9837316274642944,
            "test/recall_ci_upper": 0.9923601150512695,
            "test/f1_mean": 0.8466062545776367,
            "test/f1_ci_lower": 0.8367576003074646,
            "test/f1_ci_upper": 0.8563137650489807,
            "test/auroc_mean": 0.8273482918739319,
            "test/auroc_ci_lower": 0.8137035369873047,
            "test/auroc_ci_upper": 0.841335117816925
        }
    ]
}