{
    "batch_size": 32,
    "results": [
        {
            "test/accuracy_mean": 0.7500840425491333,
            "test/accuracy_ci_lower": 0.7429323196411133,
            "test/accuracy_ci_upper": 0.7572115659713745,
            "test/precision_mean": 0.740146815776825,
            "test/precision_ci_lower": 0.7318480014801025,
            "test/precision_ci_upper": 0.7479577660560608,
            "test/recall_mean": 0.9248338341712952,
            "test/recall_ci_lower": 0.9191402792930603,
            "test/recall_ci_upper": 0.9299929738044739,
            "test/f1_mean": 0.8222395181655884,
            "test/f1_ci_lower": 0.8162316679954529,
            "test/f1_ci_upper": 0.8278718590736389,
            "test/auroc_mean": 0.8108000159263611,
            "test/auroc_ci_lower": 0.8032222390174866,
            "test/auroc_ci_upper": 0.8179948329925537
        }
    ]
}