{
    "batch_size": 32,
    "results": [
        {
            "test/accuracy_mean": 0.7216762900352478,
            "test/accuracy_ci_lower": 0.6891025900840759,
            "test/accuracy_ci_upper": 0.7564102411270142,
            "test/precision_mean": 0.6945002675056458,
            "test/precision_ci_lower": 0.6569589972496033,
            "test/precision_ci_upper": 0.7322288751602173,
            "test/recall_mean": 0.9894623756408691,
            "test/recall_ci_lower": 0.9779301285743713,
            "test/recall_ci_upper": 0.99751877784729,
            "test/f1_mean": 0.8159928917884827,
            "test/f1_ci_lower": 0.7890679836273193,
            "test/f1_ci_upper": 0.8424420356750488,
            "test/auroc_mean": 0.8313630223274231,
            "test/auroc_ci_lower": 0.7920975685119629,
            "test/auroc_ci_upper": 0.8679777383804321
        }
    ]
}