{
    "batch_size": 32,
    "results": [
        {
            "test/accuracy_mean": 0.7481493949890137,
            "test/accuracy_ci_lower": 0.738655686378479,
            "test/accuracy_ci_upper": 0.7575228214263916,
            "test/precision_mean": 0.7472623586654663,
            "test/precision_ci_lower": 0.7362435460090637,
            "test/precision_ci_upper": 0.7583684921264648,
            "test/recall_mean": 0.9020992517471313,
            "test/recall_ci_lower": 0.8930544257164001,
            "test/recall_ci_upper": 0.9104627370834351,
            "test/f1_mean": 0.8173988461494446,
            "test/f1_ci_lower": 0.8094252347946167,
            "test/f1_ci_upper": 0.8249149918556213,
            "test/auroc_mean": 0.8166521191596985,
            "test/auroc_ci_lower": 0.8070830702781677,
            "test/auroc_ci_upper": 0.8262662291526794
        }
    ]
}